{
  "provinces": {
    "Province No 1": "कोशी",
    "Province No 2": "मधेश",
    "Bagmati Pradesh": "बागमती",
    "Gandaki Pradesh": "गण्डकी",
    "Lumbini Pradesh": "लुम्बिनी",
    "Karnali Pradesh": "कर्णाली",
    "Sudurpashchim Pradesh": "सुदूरपश्चिम"
  },
  "districts": {
    "Taplejung": "ताप्लेजुङ",
    "Panchthar": "पाँचथर",
    "Ilam": "इलाम",
    "Jhapa": "झापा",
    "Sankhuwasabha": "संखुवासभा",
    "Terhathum": "तेह्रथुम",
    "Bhojpur": "भोजपुर",
    "Dhankuta": "धनकुटा",
    "Morang": "मोरङ",
    "Sunsari": "सुनसरी",
    "Solukhumbu": "सोलुखुम्बु",
    "Khotang": "खोटाङ",
    "Okhaldhunga": "ओखलढुंगा",
    "Udayapur": "उदयपुर",
    "Saptari": "सप्तरी",
    "Siraha": "सिराहा",
    "Dhanusha": "धनुषा",
    "Mahottari": "महोत्तरी",
    "Sarlahi": "सर्लाही",
    "Rautahat": "रौतहट",
    "Bara": "बारा",
    "Parsa": "पर्सा",
    "Bhaktapur": "भक्तपुर",
    "Chitawan": "चितवन",
    "Dhading": "धादिङ",
    "Dolakha": "दोलखा",
    "Kabhrepalanchok": "काभ्रेपलाञ्चोक",
    "Kathmandu": "काठमाडौ‌",
    "Lalitpur": "ललितपुर",
    "Makawanpur": "मकवानपुर",
    "Nuwakot": "नुवाकोट",
    "Ramechhap": "रामेछाप",
    "Rasuwa": "रसुवा",
    "Sindhuli": "सिन्धुली",
    "Sindhupalchok": "सिन्धुपाल्चोक",
    "Gorkha": "गोरखा",
    "Manang": "मनाङ",
    "Lamjung": "लमजुङ",
    "Kaski": "कास्की",
    "Tanahu": "तनहुँ",
    "Syangja": "स्याङजा",
    "Nawalpur": "नवलपरासी (बर्दघाट सुस्ता पूर्व)",
    "Mustang": "मुस्ताङ",
    "Myagdi": "म्याग्दी",
    "Baglung": "बाग्लुङ",
    "Parbat": "पर्वत",
    "Gulmi": "गुल्मी",
    "Palpa": "पाल्पा",
    "Arghakhanchi": "अर्घाखाँची",
    "Rupandehi": "रूपन्देही",
    "Kapilbastu": "कपिलवस्तु",
    "Rukum East": "रुकुम पूर्व",
    "Rolpa": "रोल्पा",
    "Pyuthan": "प्युठान",
    "Dang": "दाङ",
    "Banke": "बाँके",
    "Bardiya": "बर्दिया",
    "Parasi": "नवलपरासी (बर्दघाट सुस्ता पश्चिम)",
    "Dailekh": "दैलेख",
    "Dolpa": "डोल्पा",
    "Humla": "हुम्ला",
    "Jajarkot": "जाजरकोट",
    "Jumla": "जुम्ला",
    "Kalikot": "कालिकोट",
    "Mugu": "मुगु",
    "Rukum West": "रुकुम पश्चिम",
    "Salyan": "सल्यान",
    "Surkhet": "सुर्खेत",
    "Achham": "अछाम",
    "Baitadi": "बैतडी",
    "Bajhang": "बझाङ",
    "Bajura": "बाजुरा",
    "Dadeldhura": "डडेलधुरा",
    "Darchula": "दार्चुला",
    "Doti": "डोटी",
    "Kailali": "कैलाली",
    "Kanchanpur": "कञ्चनपुर"
  },
  "municipalities": {
    "Aathrai Tribeni": "आठराई त्रिवेणी गाउँपालिका",
    "Maiwakhola": "मैवाखोला गाउँपालिका",
    "Meringden": "मेरिङदेन गाउँपालिका",
    "Mikwakhola": "मिक्वाखोला गाउँपालिका",
    "Phaktanglung": "फक्ताङलुङ गाउँपालिका",
    "Phungling": "फुङलिङ नगरपालिका",
    "Sidingba": "सिदिङ्वा गाउँपालिका",
    "Sirijangha": "सिरीजङ्घा गाउँपालिका",
    "Pathibhara Yangwarak": "पाथीभरा याङवरक गाउँपालिका",
    "Falelung": "फालेलुङ गाउँपालिका",
    "Falgunanda": "फाल्गुनन्द गाउँपालिका",
    "Hilihang": "हिलिहाङ गाउँपालिका",
    "Kummayak": "कुम्मायक गाउँपालिका",
    "Miklajung": "मिक्लाजुङ गाउँपालिका",
    "Phidim": "फिदिम नगरपालिका",
    "Tumbewa": "तुम्वेवा गाउँपालिका",
    "Yangwarak": "याङवरक गाउँपालिका",
    "Chulachuli": "चुलाचुली गाउँपालिका",
    "Deumai": "देउमाई नगरपालिका",
    "Fakphokthum": "फाकफोकथुम गाउँपालिका",
    "Illam": "इलाम नगरपालिका",
    "Mai": "माई नगरपालिका",
    "Maijogmai": "माईजोगमाई गाउँपालिका",
    "Mangsebung": "माङसेबुङ गाउँपालिका",
    "Rong": "रोङ गाउँपालिका",
    "Sandakpur": "सन्दकपुर गाउँपालिका",
    "Suryodaya": "सूर्योदय नगरपालिका",
    "Arjundhara": "अर्जुनधारा नगरपालिका",
    "Barhadashi": "बाह्रदशी गाउँपालिका",
    "Bhadrapur": "भद्रपुर नगरपालिका",
    "Birtamod": "विर्तामोड नगरपालिका",
    "Buddhashanti": "बुद्धशान्ति गाउँपालिका",
    "Damak": "दमक नगरपालिका",
    "Gauradhaha": "गौरादह नगरपालिका",
    "Gauriganj": "गौरीगञ्‍ज गाउँपालिका",
    "Haldibari": "हल्दिबारी गाउँपालिका",
    "Jhapa": "झापा गाउँपालिका",
    "Kachankawal": "कचनकवल गाउँपालिका",
    "Kamal": "कमल गाउँपालिका",
    "Kankai": "कन्काई नगरपालिका",
    "Mechinagar": "मेचीनगर नगरपालिका",
    "Shivasataxi": "शिवसताक्षी नगरपालिका",
    "Bhotkhola": "भोटखोला गाउँपालिका",
    "Chainpur": "चैनपुर नगरपालिका",
    "Chichila": "चिचिला गाउँपालिका",
    "Dharmadevi": "धर्मदेवी नगरपालिका",
    "Khandbari": "खाँदवारी नगरपालिका",
    "Madi": "माडी गाउँपालिका",
    "Makalu": "मकालु गाउँपालिका",
    "Panchakhapan": "पाँचखपन नगरपालिका",
    "Sabhapokhari": "सभापोखरी गाउँपालिका",
    "Silichong": "सिलीचोङ गाउँपालिका",
    "Aathrai": "आठराई गाउँपालिका",
    "Chhathar": "छथर गाउँपालिका",
    "Laligurans": "लालीगुराँस नगरपालिका",
    "Menchayam": "मेन्छयायेम गाउँपालिका",
    "Myanglung": "म्याङलुङ नगरपालिका",
    "Phedap": "फेदाप गाउँपालिका",
    "Aamchowk": "आमचोक गाउँपालिका",
    "Arun": "अरुण गाउँपालिका",
    "Bhojpur": "भोजपुर नगरपालिका",
    "Hatuwagadhi": "हतुवागढी गाउँपालिका",
    "Pauwadungma": "पौवादुङमा गाउँपालिका",
    "Ramprasad Rai": "रामप्रसाद राई गाउँपालिका",
    "Salpasilichho": "साल्पासिलिछो गाउँपालिका",
    "Shadananda": "षडानन्द नगरपालिका",
    "Tyamkemaiyung": "टेम्केमैयुङ गाउँपालिका",
    "Chaubise": "चौबिसे गाउँपालिका",
    "Chhathar Jorpati": "छथर जोरपाटी गाउँपालिका",
    "Dhankuta": "धनकुटा नगरपालिका",
    "Shahidbhumi": "सहिदभूमि गाउँपालिका",
    "Mahalaxmi": "महालक्ष्मी नगरपालिका",
    "Pakhribas": "पाख्रिवास नगरपालिका",
    "Sangurigadhi": "साँगुरीगढी गाउँपालिका",
    "Belbari": "बेलवारी नगरपालिका",
    "Biratnagar": "विराटनगर महानगरपालिका",
    "Budhiganga": "बुढीगंगा नगरपालिका",
    "Dhanpalthan": "धनपालथान गाउँपालिका",
    "Gramthan": "ग्रामथान गाउँपालिका",
    "Jahada": "जहदा गाउँपालिका",
    "Kanepokhari": "कानेपोखरी गाउँपालिका",
    "Katahari": "कटहरी गाउँपालिका",
    "Kerabari": "केराबारी गाउँपालिका",
    "Letang": "लेटाङ नगरपालिका",
    "Patahrishanishchare": "पथरी शनिश्चरे नगरपालिका",
    "Rangeli": "रंगेली नगरपालिका",
    "Ratuwamai": "रतुवामाई नगरपालिका",
    "Sundarharaicha": "सुन्दरहरैँचा नगरपालिका",
    "Sunwarshi": "सुनवर्षी नगरपालिका",
    "Uralabari": "उर्लाबारी नगरपालिका",
    "Barah": "बराहक्षेत्र नगरपालिका",
    "Barju": "बर्जु गाउँपालिका",
    "Bhokraha Narsingh": "भोक्राहा नरसिंह गाउँपालिका",
    "Dewanganj": "देवानगञ्ज गाउँपालिका",
    "Dharan": "धरान उपमहानगरपालिका",
    "Duhabi": "दुहवी नगरपालिका",
    "Gadhi": "गढी गाउँपालिका",
    "Harinagar": "हरिनगर गाउँपालिका",
    "Inaruwa": "इनरुवा नगरपालिका",
    "Itahari": "इटहरी उपमहानगरपालिका",
    "Koshi": "कोशी गाउँपालिका",
    "Ramdhuni": "रामधुनी नगरपालिका",
    "Thulung Dudhkoshi": "थुलुङ दुधकोशी गाउँपालिका",
    "Dudhkoshi": "माप्य दुधकोशी गाउँपालिका",
    "Khumbupasanglahmu": "खुम्बु पासाङल्हामु गाउँपालिका",
    "Likhupike": "लिखु पिके गाउँपालिका",
    "Mahakulung": "महाकुलुङ गाउँपालिका",
    "Nechasalyan": "नेचासल्यान गाउँपालिका",
    "Solududhakunda": "सोलुदुधकुण्ड नगरपालिका",
    "Sotang": "सोताङ गाउँपालिका",
    "Ainselukhark": "ऐसेलुखर्क गाउँपालिका",
    "Barahapokhari": "वराहपोखरी गाउँपालिका",
    "Diprung": "दिप्रुङ चुइचुम्मा गाउँपालिका",
    "Halesi Tuwachung": "हलेसी तुवाचुङ नगरपालिका",
    "Jantedhunga": "जन्तेढुंगा गाउँपालिका",
    "Kepilasagadhi": "केपिलासगढी गाउँपालिका",
    "Khotehang": "खोटेहाङ गाउँपालिका",
    "Rawa Besi": "रावा बेसी गाउँपालिका",
    "Rupakot Majhuwagadhi": "दिक्तेल रुपाकोट मझुवागढी नगरपालिका",
    "Sakela": "साकेला गाउँपालिका",
    "Champadevi": "चम्पादेवी गाउँपालिका",
    "Chisankhugadhi": "चिशंखुगढी गाउँपालिका",
    "Khijidemba": "खिजीदेम्वा गाउँपालिका",
    "Likhu": "लिखु गाउँपालिका",
    "Manebhanjyang": "मानेभन्ज्याङ गाउँपालिका",
    "Molung": "मोलुङ गाउँपालिका",
    "Siddhicharan": "सिद्धिचरण नगरपालिका",
    "Sunkoshi": "सुनकोशी गाउँपालिका",
    "Belaka": "वेलका नगरपालिका",
    "Chaudandigadhi": "चौदण्डीगढी नगरपालिका",
    "Katari": "कटारी नगरपालिका",
    "Rautamai": "रौतामाई गाउँपालिका",
    "Tapli": "ताप्ली गाउँपालिका",
    "Triyuga": "त्रियुगा नगरपालिका",
    "Udayapurgadhi": "उदयपुरगढी गाउँपालिका",
    "Agnisair Krishna Savaran": "अग्नीसाइर कृष्णासवरन गाउँपालिका",
    "Balan Bihul": "बलान बिहुल गाउँपालिका",
    "Belhi Chapena": "राजगढ गाउँपालिका",
    "Bishnupur": "विष्णुपुर गाउँपालिका",
    "Bode Barsain": "बोदेबरसाइन नगरपालिका",
    "Chhinnamasta": "छिन्नमस्ता गाउँपालिका",
    "Dakneshwori": "डाक्नेश्वरी नगरपालिका",
    "Hanumannagar Kankalini": "हनुमाननगर कंकालिनी नगरपालिका",
    "Kanchanrup": "कञ्चनरुप नगरपालिका",
    "Khadak": "खडक नगरपालिका",
    "Mahadeva": "महादेवा गाउँपालिका",
    "Rajbiraj": "राजविराज नगरपालिका",
    "Rupani": "रुपनी गाउँपालिका",
    "Saptakoshi": "सप्तकोशी नगरपालिका",
    "Shambhunath": "शम्भुनाथ नगरपालिका",
    "Surunga": "सुरुङ्गा नगरपालिका",
    "Tilathi Koiladi": "तिलाठी कोईलाडी गाउँपालिका",
    "Tirahut": "तिरहुत गाउँपालिका",
    "Arnama": "अर्नमा गाउँपालिका",
    "Aurahi": "औरही नगरपालिका",
    "Bariyarpatti": "बरियारपट्टी गाउँपालिका",
    "Bhagawanpur": "भगवानपुर गाउँपालिका",
    "Dhangadhimai": "धनगढीमाई नगरपालिका",
    "Golbazar": "गोलबजार नगरपालिका",
    "Kalyanpur": "कल्याणपुर नगरपालिका",
    "Karjanha": "कर्जन्हा नगरपालिका",
    "Lahan": "लहान नगरपालिका",
    "Laxmipur Patari": "लक्ष्मीपुर पतारी गाउँपालिका",
    "Mirchaiya": "मिर्चैया नगरपालिका",
    "Naraha": "नरहा गाउँपालिका",
    "Nawarajpur": "नवराजपुर गाउँपालिका",
    "Sakhuwanankarkatti": "सखुवानान्कारकट्टी गाउँपालिका",
    "Siraha": "सिरहा नगरपालिका",
    "Sukhipur": "सुखीपुर नगरपालिका",
    "Aaurahi": "औरही गाउँपालिका",
    "Bateshwor": "बटेश्वर गाउँपालिका",
    "Bideha": "विदेह नगरपालिका",
    "Chhireshwornath": "क्षिरेश्वरनाथ नगरपालिका",
    "Dhanauji": "धनौजी गाउँपालिका",
    "Dhanusadham": "धनुषाधाम नगरपालिका",
    "Ganeshman Charnath": "गणेशमान चारनाथ नगरपालिका",
    "Hansapur": "हंसपुर नगरपालिका",
    "Janaknandani": "जनकनन्दिनी गाउँपालिका",
    "Janakpur": "जनकपुरधाम उपमहानगरपालिका",
    "Kamala": "कमला नगरपालिका",
    "Lakshminiya": "लक्ष्मीनिया गाउँपालिका",
    "Mithila": "मिथिला नगरपालिका",
    "Mithila Bihari": "मिथिला बिहारी नगरपालिका",
    "Mukhiyapatti Musarmiya": "मुखियापट्टी मुसहरनिया गाउँपालिका",
    "Nagarain": "नगराइन नगरपालिका",
    "Sabaila": "सबैला नगरपालिका",
    "Sahidnagar": "शहीदनगर नगरपालिका",
    "Balwa": "बलवा नगरपालिका",
    "Bardibas": "बर्दिबास नगरपालिका",
    "Bhangaha": "भँगाहा नगरपालिका",
    "Ekdanra": "एकडारा गाउँपालिका",
    "Gaushala": "गौशाला नगरपालिका",
    "Jaleswor": "जलेश्वर नगरपालिका",
    "Loharpatti": "लोहरपट्टी नगरपालिका",
    "Mahottari": "महोत्तरी गाउँपालिका",
    "Manra Siswa": "मनरा शिसवा नगरपालिका",
    "Matihani": "मटिहानी नगरपालिका",
    "Pipra": "पिपरा गाउँपालिका",
    "Ramgopalpur": "रामगोपालपुर नगरपालिका",
    "Samsi": "साम्सी गाउँपालिका",
    "Sonama": "सोनमा गाउँपालिका",
    "Bagmati": "बाग्मती गाउँपालिका",
    "Balara": "बलरा नगरपालिका",
    "Barahathawa": "बरहथवा नगरपालिका",
    "Basbariya": "बसबरीया गाउँपालिका",
    "Bishnu": "विष्णु गाउँपालिका",
    "Bramhapuri": "ब्रह्मपुरी गाउँपालिका",
    "Chakraghatta": "चक्रघट्टा गाउँपालिका",
    "Chandranagar": "चन्द्रनगर गाउँपालिका",
    "Dhankaul": "धनकौल गाउँपालिका",
    "Godaita": "गोडैटा नगरपालिका",
    "Haripur": "हरिपुर नगरपालिका",
    "Haripurwa": "हरिपुर्वा नगरपालिका",
    "Hariwan": "हरिवन नगरपालिका",
    "Ishworpur": "ईश्वरपुर नगरपालिका",
    "Kabilasi": "कविलासी नगरपालिका",
    "Kaudena": "कौडेना गाउँपालिका",
    "Lalbandi": "लालबन्दी नगरपालिका",
    "Malangawa": "मलंगवा नगरपालिका",
    "Parsa": "पर्सा गाउँपालिका",
    "Ramnagar": "रामनगर गाउँपालिका",
    "Baudhimai": "बौधीमाई नगरपालिका",
    "Brindaban": "वृन्दावन नगरपालिका",
    "Chandrapur": "चन्द्रपुर नगरपालिका",
    "Dewahhi Gonahi": "देवाही गोनाही नगरपालिका",
    "Durga Bhagwati": "दुर्गा भगवती गाउँपालिका",
    "Gadhimai": "गढीमाई नगरपालिका",
    "Garuda": "गरुडा नगरपालिका",
    "Gaur": "गौर नगरपालिका",
    "Gujara": "गुजरा नगरपालिका",
    "Ishanath": "ईशनाथ नगरपालिका",
    "Katahariya": "कटहरिया नगरपालिका",
    "Madhav Narayan": "माधव नारायण नगरपालिका",
    "Maulapur": "मौलापुर नगरपालिका",
    "Paroha": "परोहा नगरपालिका",
    "Phatuwa Bijayapur": "फतुवा बिजयपुर नगरपालिका",
    "Rajdevi": "राजदेवी नगरपालिका",
    "Rajpur": "राजपुर गाउँपालिका",
    "Yemunamai": "यमुनामाई गाउँपालिका",
    "Adarshkotwal": "आदर्श कोतवाल गाउँपालिका",
    "Baragadhi": "बारागढी गाउँपालिका",
    "Bishrampur": "विश्रामपुर गाउँपालिका",
    "Devtal": "देवताल गाउँपालिका",
    "Jitpur Simara": "जीतपुरसिमरा उपमहानगरपालिका",
    "Kalaiya": "कलैया उपमहानगरपालिका",
    "Karaiyamai": "करैयामाई गाउँपालिका",
    "Kolhabi": "कोल्हवी नगरपालिका",
    "Mahagadhimai": "महागढीमाई नगरपालिका",
    "Nijgadh": "निजगढ नगरपालिका",
    "Pacharauta": "पचरौता नगरपालिका",
    "Parwanipur": "परवानीपुर गाउँपालिका",
    "Pheta": "फेटा गाउँपालिका",
    "Prasauni": "प्रसौनी गाउँपालिका",
    "Simraungadh": "सिम्रौनगढ नगरपालिका",
    "Suwarna": "सुवर्ण गाउँपालिका",
    "Bahudaramai": "बहुदरमाई नगरपालिका",
    "Bindabasini": "बिन्दबासिनी गाउँपालिका",
    "Birgunj": "वीरगंज महानगरपालिका",
    "Chhipaharmai": "छिपहरमाई गाउँपालिका",
    "Dhobini": "धोबीनी गाउँपालिका",
    "Jagarnathpur": "जगरनाथपुर गाउँपालिका",
    "Jirabhawani": "जिराभवानी गाउँपालिका",
    "Kalikamai": "कालिकामाई गाउँपालिका",
    "Pakahamainpur": "पकाहा मैनपुर गाउँपालिका",
    "Parsagadhi": "पर्सागढी नगरपालिका",
    "Paterwasugauli": "पटेर्वा सुगौली गाउँपालिका",
    "Pokhariya": "पोखरिया नगरपालिका",
    "SakhuwaPrasauni": "सखुवा प्रसौनी गाउँपालिका",
    "Thori": "ठोरी गाउँपालिका",
    "Bhaktapur": "भक्तपुर नगरपालिका",
    "Changunarayan": "चाँगुनारायण नगरपालिका",
    "Madhyapur Thimi": "मध्यपुर थिमी नगरपालिका",
    "Suryabinayak": "सूर्यविनायक नगरपालिका",
    "Bharatpur": "भरतपुर महानगरपालिका",
    "Ichchhyakamana": "इच्छाकामना गाउँपालिका",
    "Kalika": "शुभ कालीका गाउँपालिका",
    "Khairahani": "खैरहनी नगरपालिका",
    "Rapti": "राप्ती गाउँपालिका",
    "Ratnanagar": "रत्ननगर नगरपालिका",
    "Benighat Rorang": "बेनीघाट रोराङ्ग गाउँपालिका",
    "Dhunibesi": "धुनीबेंशी नगरपालिका",
    "Gajuri": "गजुरी गाउँपालिका",
    "Galchi": "गल्छी गाउँपालिका",
    "Gangajamuna": "गङ्गाजमुना गाउँपालिका",
    "Jwalamukhi": "ज्वालामूखी गाउँपालिका",
    "Khaniyabash": "खनियाबास गाउँपालिका",
    "Netrawati Dabjong": "नेत्रावती डबजोङ गाउँपालिका",
    "Nilakantha": "नीलकण्ठ नगरपालिका",
    "Rubi Valley": "रुवी भ्याली गाउँपालिका",
    "Siddhalek": "सिद्धलेक गाउँपालिका",
    "Thakre": "थाक्रे गाउँपालिका",
    "Tripura Sundari": "त्रिपुरासुन्दरी गाउँपालिका",
    "Baiteshwor": "वैतेश्वर गाउँपालिका",
    "Bhimeshwor": "भिमेश्वर नगरपालिका",
    "Bigu": "विगु गाउँपालिका",
    "Gaurishankar": "गौरिशंकर गाउँपालिका",
    "Jiri": "जिरी नगरपालिका",
    "Kalinchok": "कालिन्चोक गाउँपालिका",
    "Melung": "मेलुङ गाउँपालिका",
    "Sailung": "शैलुङ गाउँपालिका",
    "Tamakoshi": "तामाकोशी गाउँपालिका",
    "Banepa": "बनेपा नगरपालिका",
    "Bethanchowk": "बेथानचोक गाउँपालिका",
    "Bhumlu": "भुम्लु गाउँपालिका",
    "Chaurideurali": "चौंरीदेउराली गाउँपालिका",
    "Dhulikhel": "धुलिखेल नगरपालिका",
    "Khanikhola": "खानीखोला गाउँपालिका",
    "Mahabharat": "महाभारत गाउँपालिका",
    "Mandandeupur": "मण्डनदेउपुर नगरपालिका",
    "Namobuddha": "नमोबुद्ध नगरपालिका",
    "Panauti": "पनौती नगरपालिका",
    "Panchkhal": "पाँचखाल नगरपालिका",
    "Roshi": "रोशी गाउँपालिका",
    "Temal": "तेमाल गाउँपालिका",
    "Budhanilakantha": "बुढानिलकण्ठ नगरपालिका",
    "Chandragiri": "चन्द्रागिरी नगरपालिका",
    "Dakshinkali": "दक्षिणकाली नगरपालिका",
    "Gokarneshwor": "गोकर्णेश्वर नगरपालिका",
    "Kageshwori Manahora": "कागेश्वरी मनोहरा नगरपालिका",
    "Kathmandu": "काठमाडौँ महानगरपालिका",
    "Kirtipur": "कीर्तिपुर नगरपालिका",
    "Nagarjun": "नागार्जुन नगरपालिका",
    "Shankharapur": "शंखरापुर नगरपालिका",
    "Tarakeshwor": "तारकेश्वर नगरपालिका",
    "Tokha": "टोखा नगरपालिका",
    "Godawari": "गोदावरी नगरपालिका",
    "Konjyosom": "कोन्ज्योसोम गाउँपालिका",
    "Lalitpur": "ललितपुर महानगरपालिका",
    "Mahankal": "महाङ्काल गाउँपालिका",
    "Bakaiya": "बकैया गाउँपालिका",
    "Bhimphedi": "भीमफेदी गाउँपालिका",
    "Hetauda": "हेटौडा उपमहानगरपालिका",
    "Indrasarowar": "इन्द्रसरोवर गाउँपालिका",
    "Kailash": "कैलाश गाउँपालिका",
    "Makawanpurgadhi": "मकवानपुरगढी गाउँपालिका",
    "Manahari": "मनहरी गाउँपालिका",
    "Raksirang": "राक्सिराङ्ग गाउँपालिका",
    "Thaha": "थाहा नगरपालिका",
    "Belkotgadhi": "बेलकोटगढी नगरपालिका",
    "Bidur": "विदुर नगरपालिका",
    "Dupcheshwar": "दुप्चेश्वर गाउँपालिका",
    "Kakani": "ककनी गाउँपालिका",
    "Kispang": "किस्पाङ गाउँपालिका",
    "Myagang": "म्यागङ गाउँपालिका",
    "Panchakanya": "पञ्चकन्या गाउँपालिका",
    "Shivapuri": "शिवपुरी गाउँपालिका",
    "Suryagadhi": "सुर्यगढी गाउँपालिका",
    "Tadi": "तादी गाउँपालिका",
    "Tarkeshwar": "तारकेश्वर गाउँपालिका",
    "Doramba": "दोरम्बा शैलुङ गाउँपालिका",
    "Gokulganga": "गोकुलगङ्गा गाउँपालिका",
    "Khadadevi": "खाँडादेवी गाउँपालिका",
    "Likhu Tamakoshi": "लिखु तामाकोशी गाउँपालिका",
    "Manthali": "मन्थली नगरपालिका",
    "Ramechhap": "रामेछाप नगरपालिका",
    "Sunapati": "सुनापति गाउँपालिका",
    "Umakunda": "उमाकुण्ड गाउँपालिका",
    "Gosaikunda": "गोसाईकुण्ड गाउँपालिका",
    "Naukunda": "नौकुण्ड गाउँपालिका",
    "Aamachodingmo": "आमाछोदिङमो गाउँपालिका",
    "Uttargaya": "उत्तरगया गाउँपालिका",
    "Dudhouli": "दुधौली नगरपालिका",
    "Ghanglekh": "घ्याङलेख गाउँपालिका",
    "Golanjor": "गोलन्जोर गाउँपालिका",
    "Hariharpurgadhi": "हरिहरपुरगढी गाउँपालिका",
    "Kamalamai": "कमलामाई नगरपालिका",
    "Marin": "मरिण गाउँपालिका",
    "Phikkal": "फिक्कल गाउँपालिका",
    "Tinpatan": "तीनपाटन गाउँपालिका",
    "Balefi": "बलेफी गाउँपालिका",
    "Barhabise": "वाह्रविसे नगरपालिका",
    "Bhotekoshi": "भोटेकोशी गाउँपालिका",
    "Chautara SangachokGadhi": "चौतारा साँगाचोकगढी नगरपालिका",
    "Helambu": "हेलम्बु गाउँपालिका",
    "Indrawati": "ईन्द्रावती गाउँपालिका",
    "Jugal": "जुगल गाउँपालिका",
    "Lisangkhu Pakhar": "लिसंखु पाखर गाउँपालिका",
    "Melamchi": "मेलम्ची नगरपालिका",
    "Panchpokhari Thangpal": "पाँचपोखरी थाङपाल गाउँपालिका",
    "Tripurasundari": "त्रिपुरासुन्दरी नगरपालिका",
    "Aarughat": "आरूघाट गाउँपालिका",
    "Ajirkot": "अजिरकोट गाउँपालिका",
    "Bhimsen Thapa": "भिमसेनथापा गाउँपालिका",
    "Chum Nubri": "चुमनुव्री गाउँपालिका",
    "Dharche": "धार्चे गाउँपालिका",
    "Gandaki": "गण्डकी गाउँपालिका",
    "Gorkha": "गोरखा नगरपालिका",
    "Palungtar": "पालुङटार नगरपालिका",
    "Sahid Lakhan": "शहिद लखन गाउँपालिका",
    "Siranchok": "सिरानचोक गाउँपालिका",
    "Barpak Sulikot": "बारपाक सुलिकोट गाउँपालिका",
    "Chame": "चामे गाउँपालिका",
    "Narpa Bhumi": "नार्पा भूमि गाउँपालिका",
    "Nasho": "नासोँ गाउँपालिका",
    "Manang Nshiang": "मनाङ ङिस्याङ गाउँपालिका",
    "Besishahar": "बेसीशहर नगरपालिका",
    "Dordi": "दोर्दी गाउँपालिका",
    "Dudhpokhari": "दूधपोखरी गाउँपालिका",
    "Kwholasothar": "क्व्होलासोथार गाउँपालिका",
    "MadhyaNepal": "मध्यनेपाल नगरपालिका",
    "Marsyangdi": "मर्स्याङदी गाउँपालिका",
    "Rainas": "राइनास नगरपालिका",
    "Sundarbazar": "सुन्दरबजार नगरपालिका",
    "Annapurna": "अन्नपूर्ण गाउँपालिका",
    "Machhapuchchhre": "माछापुछ्रे गाउँपालिका",
    "Pokhara Lekhnath": "पोखरा महानगरपालिका",
    "Rupa": "रूपा गाउँपालिका",
    "Anbukhaireni": "आँबुखैरेनी गाउँपालिका",
    "Bandipur": "बन्दिपुर गाउँपालिका",
    "Bhanu": "भानु नगरपालिका",
    "Bhimad": "भिमाद नगरपालिका",
    "Byas": "व्याँस गाउँपालिका",
    "Devghat": "देवघाट गाउँपालिका",
    "Ghiring": "घिरिङ गाउँपालिका",
    "Myagde": "म्याग्दे गाउँपालिका",
    "Rhishing": "ऋषिङ्ग गाउँपालिका",
    "Shuklagandaki": "शुक्लागण्डकी नगरपालिका",
    "Aandhikhola": "आँधिखोला गाउँपालिका",
    "Arjunchaupari": "अर्जुनचौपारी गाउँपालिका",
    "Bhirkot": "भीरकोट नगरपालिका",
    "Biruwa": "विरुवा गाउँपालिका",
    "Chapakot": "चापाकोट नगरपालिका",
    "Galyang": "गल्याङ नगरपालिका",
    "Harinas": "हरिनास गाउँपालिका",
    "Kaligandagi": "कालीगण्डकी गाउँपालिका",
    "Phedikhola": "फेदीखोला गाउँपालिका",
    "Putalibazar": "पुतलीबजार नगरपालिका",
    "Waling": "वालिङ नगरपालिका",
    "Binayee Tribeni": "विनयी त्रिवेणी गाउँपालिका",
    "Bulingtar": "बुलिङटार गाउँपालिका",
    "Bungdikali": "बौदीकाली गाउँपालिका",
    "Devchuli": "देवचुली नगरपालिका",
    "Gaidakot": "गैंडाकोट नगरपालिका",
    "Hupsekot": "हुप्सेकोट गाउँपालिका",
    "Kawasoti": "कावासोती नगरपालिका",
    "Madhyabindu": "मध्यविन्दु नगरपालिका",
    "Waragun Muktikshetra": "वारागुङ मुक्तिक्षेत्र गाउँपालिका",
    "Lo-Ghekar Damodarkunda": "लो-घेकर दामोदरकुण्ड गाउँपालिका",
    "Gharapjhong": "घरपझोङ गाउँपालिका",
    "Lomanthang": "लोमन्थाङ गाउँपालिका",
    "Thasang": "थासाङ गाउँपालिका",
    "Beni": "बेनी नगरपालिका",
    "Dhaulagiri": "धवलागिरी गाउँपालिका",
    "Malika": "मालिका गाउँपालिका",
    "Mangala": "मंगला गाउँपालिका",
    "Raghuganga": "रघुगंगा गाउँपालिका",
    "Badigad": "वडिगाड गाउँपालिका",
    "Baglung": "बागलुङ नगरपालिका",
    "Bareng": "वरेङ गाउँपालिका",
    "Dhorpatan": "ढोरपाटन नगरपालिका",
    "Galkot": "गल्कोट नगरपालिका",
    "Jaimini": "जैमिनी नगरपालिका",
    "Kanthekhola": "काठेखोला गाउँपालिका",
    "Nisikhola": "निसीखोला गाउँपालिका",
    "Taman Khola": "तमानखोला गाउँपालिका",
    "Tara Khola": "ताराखोला गाउँपालिका",
    "Bihadi": "विहादी गाउँपालिका",
    "Jaljala": "जलजला गाउँपालिका",
    "Kushma": "कुश्मा नगरपालिका",
    "Mahashila": "महाशिला गाउँपालिका",
    "Modi": "मोदी गाउँपालिका",
    "Painyu": "पैयूं गाउँपालिका",
    "Phalebas": "फलेवास नगरपालिका",
    "Chandrakot": "चन्द्रकोट गाउँपालिका",
    "Chatrakot": "छत्रकोट गाउँपालिका",
    "Dhurkot": "धुर्कोट गाउँपालिका",
    "Gulmidarbar": "गुल्मी दरबार गाउँपालिका",
    "Isma": "इस्मा गाउँपालिका",
    "Kaligandaki": "कालीगण्डकी गाउँपालिका",
    "Madane": "मदाने गाउँपालिका",
    "Musikot": "मुसिकोट नगरपालिका",
    "Resunga": "रेसुङ्गा नगरपालिका",
    "Ruru": "रुरुक्षेत्र गाउँपालिका",
    "Satyawati": "सत्यवती गाउँपालिका",
    "Bagnaskali": "बगनासकाली गाउँपालिका",
    "Mathagadhi": "माथागढी गाउँपालिका",
    "Nisdi": "निस्दी गाउँपालिका",
    "Purbakhola": "पूर्वखोला गाउँपालिका",
    "Rainadevi Chhahara": "रैनादेवी छहरा गाउँपालिका",
    "Rambha": "रम्भा गाउँपालिका",
    "Rampur": "रामपुर नगरपालिका",
    "Ribdikot": "रिब्दीकोट गाउँपालिका",
    "Tansen": "तानसेन नगरपालिका",
    "Tinau": "तिनाउ गाउँपालिका",
    "Bhumekasthan": "भूमिकास्थान नगरपालिका",
    "Chhatradev": "छत्रदेव गाउँपालिका",
    "Malarani": "मालारानी गाउँपालिका",
    "Panini": "पाणिनी गाउँपालिका",
    "Sandhikharka": "सन्धिखर्क नगरपालिका",
    "Sitganga": "शितगंगा नगरपालिका",
    "Butwal": "बुटवल उपमहानगरपालिका",
    "Devdaha": "देवदह नगरपालिका",
    "Gaidahawa": "गैडहवा गाउँपालिका",
    "Kanchan": "कञ्चन गाउँपालिका",
    "Kotahimai": "कोटहीमाई गाउँपालिका",
    "Lumbini Sanskritik": "लुम्बिनी साँस्कृतिक नगरपालिका",
    "Marchawari": "मर्चवारी गाउँपालिका",
    "Mayadevi": "मायादेवी गाउँपालिका",
    "Omsatiya": "ओमसतिया गाउँपालिका",
    "Rohini": "रोहिणी गाउँपालिका",
    "Sainamaina": "सैनामैना नगरपालिका",
    "Sammarimai": "सम्मरीमाई गाउँपालिका",
    "Siddharthanagar": "सिद्धार्थनगर नगरपालिका",
    "Siyari": "सियारी गाउँपालिका",
    "Sudhdhodhan": "शुद्धोधन गाउँपालिका",
    "Tillotama": "तिलोत्तमा नगरपालिका",
    "Banganga": "बाणगंगा नगरपालिका",
    "Bijayanagar": "विजयनगर गाउँपालिका",
    "Buddhabhumi": "बुद्धभुमी नगरपालिका",
    "Kapilbastu": "कपिलवस्तु नगरपालिका",
    "Krishnanagar": "कृष्णनगर नगरपालिका",
    "Maharajgunj": "महाराजगंज नगरपालिका",
    "Shivaraj": "शिवराज नगरपालिका",
    "Suddhodhan": "शुद्धोधन गाउँपालिका",
    "Yashodhara": "यसोधरा गाउँपालिका",
    "Bhume": "भूमे गाउँपालिका",
    "Putha Uttarganga": "पुथा उत्तरगंगा गाउँपालिका",
    "Sisne": "सिस्ने गाउँपालिका",
    "Pariwartan": "परिवर्तन गाउँपालिका",
    "Lungri": "लुङग्री गाउँपालिका",
    "Runtigadi": "रुन्टीगढी गाउँपालिका",
    "Sukidaha": "सुनिल स्मृति गाउँपालिका",
    "Sunchhahari": "सुनछहरी गाउँपालिका",
    "Suwarnabati": "गंगादेव गाउँपालिका",
    "Thawang": "थवाङ गाउँपालिका",
    "Tribeni": "त्रिवेणी नगरपालिका",
    "Rolpa": "रोल्पा नगरपालिका",
    "Ayirabati": "ऐरावती गाउँपालिका",
    "Gaumukhi": "गौमुखी गाउँपालिका",
    "Jhimruk": "झिमरुक गाउँपालिका",
    "Mallarani": "मल्लरानी गाउँपालिका",
    "Mandavi": "माण्डवी गाउँपालिका",
    "Naubahini": "नौबहिनी गाउँपालिका",
    "Pyuthan": "प्यूठान नगरपालिका",
    "Sarumarani": "सरुमारानी गाउँपालिका",
    "Sworgadwary": "स्वर्गद्वारी नगरपालिका",
    "Babai": "बबई गाउँपालिका",
    "Banglachuli": "बंगलाचुली गाउँपालिका",
    "Dangisharan": "दंगीशरण गाउँपालिका",
    "Gadhawa": "गढवा गाउँपालिका",
    "Ghorahi": "घोराही उपमहानगरपालिका",
    "Lamahi": "लमही नगरपालिका",
    "Shantinagar": "शान्तिनगर गाउँपालिका",
    "Tulsipur": "तुल्सीपुर उपमहानगरपालिका",
    "Baijanath": "बैजनाथ गाउँपालिका",
    "Duduwa": "डुडुवा गाउँपालिका",
    "Janki": "जानकी गाउँपालिका",
    "Khajura": "खजुरा गाउँपालिका",
    "Kohalpur": "कोहलपुर नगरपालिका",
    "Narainapur": "नरैनापुर गाउँपालिका",
    "Nepalgunj": "नेपालगञ्ज उपमहानगरपालिका",
    "Rapti Sonari": "राप्तीसोनारी गाउँपालिका",
    "Badhaiyatal": "बढैयाताल गाउँपालिका",
    "Bansagadhi": "बाँसगढी नगरपालिका",
    "Barbardiya": "बारबर्दिया नगरपालिका",
    "Geruwa": "गेरुवा गाउँपालिका",
    "Gulariya": "गुलरिया नगरपालिका",
    "Madhuwan": "मधुवन नगरपालिका",
    "Rajapur": "राजापुर नगरपालिका",
    "Thakurbaba": "ठाकुरबाबा नगरपालिका",
    "Bardaghat": "बर्दघाट नगरपालिका",
    "Palhi Nandan": "पाल्हीनन्दन गाउँपालिका",
    "Pratappur": "प्रतापपुर गाउँपालिका",
    "Ramgram": "रामग्राम नगरपालिका",
    "Sarawal": "सरावल गाउँपालिका",
    "Sunwal": "सुनवल नगरपालिका",
    "Susta": "सुस्ता गाउँपालिका",
    "Aathabis": "आठबीस नगरपालिका",
    "Bhagawatimai": "भगवतीमाई गाउँपालिका",
    "Bhairabi": "भैरवी गाउँपालिका",
    "Chamunda Bindrasaini": "चामुण्डा बिन्द्रासैनी नगरपालिका",
    "Dullu": "दुल्लु नगरपालिका",
    "Dungeshwor": "डुंगेश्वर गाउँपालिका",
    "Gurans": "गुराँस गाउँपालिका",
    "Mahabu": "महाबु गाउँपालिका",
    "Narayan": "नारायण नगरपालिका",
    "Naumule": "नौमुले गाउँपालिका",
    "Thantikandh": "ठाँटीकाँध गाउँपालिका",
    "Chharka Tangsong": "छार्का ताङसोङ गाउँपालिका",
    "Dolpo Buddha": "डोल्पो बुद्ध गाउँपालिका",
    "Jagadulla": "जगदुल्ला गाउँपालिका",
    "Kaike": "काईके गाउँपालिका",
    "Mudkechula": "मुड्केचुला गाउँपालिका",
    "Shey Phoksundo": "शे फोक्सुन्डो गाउँपालिका",
    "Thuli Bheri": "ठुली भेरी नगरपालिका",
    "Adanchuli": "अदानचुली गाउँपालिका",
    "Chankheli": "चंखेली गाउँपालिका",
    "Kharpunath": "खार्पुनाथ गाउँपालिका",
    "Namkha": "नाम्खा गाउँपालिका",
    "Sarkegad": "सर्केगाड गाउँपालिका",
    "Simkot": "सिमकोट गाउँपालिका",
    "Tanjakot": "ताँजाकोट गाउँपालिका",
    "Barekot": "बारेकोट गाउँपालिका",
    "Bheri": "भेरी नगरपालिका",
    "Chhedagad": "छेडागाड नगरपालिका",
    "Junichande": "जुनीचाँदे गाउँपालिका",
    "Kuse": "कुसे गाउँपालिका",
    "Shiwalaya": "शिवालय गाउँपालिका",
    "Nalagad": "नलगाड नगरपालिका",
    "Chandannath": "चन्दननाथ नगरपालिका",
    "Guthichaur": "गुठिचौर गाउँपालिका",
    "Hima": "हिमा गाउँपालिका",
    "Kanakasundari": "कनकासुन्दरी गाउँपालिका",
    "Patrasi": "पातारासी गाउँपालिका",
    "Sinja": "सिंजा गाउँपालिका",
    "Tatopani": "तातोपानी गाउँपालिका",
    "Tila": "तिला गाउँपालिका",
    "Khandachakra": "खाँडाचक्र नगरपालिका",
    "Mahawai": "महावै गाउँपालिका",
    "Naraharinath": "नरहरिनाथ गाउँपालिका",
    "Pachaljharana": "पचालझरना गाउँपालिका",
    "Palata": "पलाता गाउँपालिका",
    "Raskot": "रास्कोट नगरपालिका",
    "Sanni Tribeni": "सान्नी त्रिवेणी गाउँपालिका",
    "Tilagufa": "तिलागुफा नगरपालिका",
    "Chhayanath Rara": "छायाँनाथ रारा नगरपालिका",
    "Khatyad": "खत्याड गाउँपालिका",
    "Mugu mkarmarong": "मुगूम कार्मारोङ गाउँपालिका",
    "Soru": "सोरु गाउँपालिका",
    "Aathbiskot": "आठबिसकोट नगरपालिका",
    "Banfikot": "बाँफिकोट गाउँपालिका",
    "Chaurjahari": "चौरजहारी नगरपालिका",
    "Sani Bheri": "सानीभेरी गाउँपालिका",
    "Bagchaur": "बागचौर नगरपालिका",
    "Bangad Kupinde": "बनगाड कुपिण्डे नगरपालिका",
    "Chhatreshwori": "छत्रेश्वरी गाउँपालिका",
    "Darma": "दार्मा गाउँपालिका",
    "Siddha Kumakha": "सिद्ध कुमाख गाउँपालिका",
    "Kalimati": "कालिमाटी गाउँपालिका",
    "Kapurkot": "कपुरकोट गाउँपालिका",
    "Kumakha": "कुमाख गाउँपालिका",
    "Sharada": "शारदा नगरपालिका",
    "Barahtal": "बराहताल गाउँपालिका",
    "Bheriganga": "भेरीगंगा नगरपालिका",
    "Birendranagar": "बीरेन्द्रनगर नगरपालिका",
    "Chaukune": "चौकुने गाउँपालिका",
    "Chingad": "चिङ्गाड गाउँपालिका",
    "Gurbhakot": "गुर्भाकोट नगरपालिका",
    "Lekbeshi": "लेकबेशी नगरपालिका",
    "Panchpuri": "पञ्चपुरी नगरपालिका",
    "Simta": "सिम्ता गाउँपालिका",
    "Bannigadhi Jayagadh": "बान्नीगढी जयगढ गाउँपालिका",
    "Chaurpati": "चौरपाटी गाउँपालिका",
    "Dhakari": "ढकारी गाउँपालिका",
    "Kamalbazar": "कमलबजार नगरपालिका",
    "Mangalsen": "मंगलसेन नगरपालिका",
    "Mellekh": "मेल्लेख गाउँपालिका",
    "Panchadewal Binayak": "पञ्चदेवल विनायक नगरपालिका",
    "Ramaroshan": "रामारोशन गाउँपालिका",
    "Sanphebagar": "साँफेवगर नगरपालिका",
    "Turmakhad": "तुर्माखाँद गाउँपालिका",
    "Dasharathchanda": "दशरथचन्द नगरपालिका",
    "Dilasaini": "डीलासैनी गाउँपालिका",
    "Dogadakedar": "दोगडाकेदार गाउँपालिका",
    "Melauli": "मेलौली नगरपालिका",
    "Pancheshwar": "पञ्चेश्वर गाउँपालिका",
    "Patan": "पाटन नगरपालिका",
    "Purchaudi": "पुर्चौडी नगरपालिका",
    "Shivanath": "शिवनाथ गाउँपालिका",
    "Sigas": "सिगास गाउँपालिका",
    "Surnaya": "सुर्नया गाउँपालिका",
    "Bithadchir": "वित्थडचिर गाउँपालिका",
    "Bungal": "बुंगल नगरपालिका",
    "Chabispathivera": "छबिसपाथिभेरा गाउँपालिका",
    "Durgathali": "दुर्गाथली गाउँपालिका",
    "JayaPrithivi": "जयपृथ्वी नगरपालिका",
    "Saa Paal": "साइपाल गाउँपालिका",
    "Kedarseu": "केदारस्युँ गाउँपालिका",
    "Khaptadchhanna": "खप्तडछान्ना गाउँपालिका",
    "Masta": "मष्टा गाउँपालिका",
    "Surma": "सूर्मा गाउँपालिका",
    "Talkot": "तलकोट गाउँपालिका",
    "Thalara": "थलारा गाउँपालिका",
    "Badimalika": "बडीमालिका नगरपालिका",
    "Budhinanda": "बुढीनन्दा नगरपालिका",
    "Chhededaha": "खप्तड छेडेदह गाउँपालिका",
    "Gaumul": "गौमुल गाउँपालिका",
    "Himali": "हिमाली गाउँपालिका",
    "Jagannath": "जगन्नाथ गाउँपालिका",
    "Swami Kartik": "स्वामीकार्तिक खापर गाउँपालिका",
    "Ajaymeru": "अजयमेरु गाउँपालिका",
    "Alital": "आलिताल गाउँपालिका",
    "Amargadhi": "अमरगढी नगरपालिका",
    "Bhageshwar": "भागेश्वर गाउँपालिका",
    "Ganayapdhura": "गन्यापधुरा गाउँपालिका",
    "Nawadurga": "नवदुर्गा गाउँपालिका",
    "Parashuram": "परशुराम नगरपालिका",
    "Apihimal": "अपिहिमाल गाउँपालिका",
    "Dunhu": "दुहुँ गाउँपालिका",
    "Lekam": "लेकम गाउँपालिका",
    "Mahakali": "दोधारा चाँदनी नगरपालिका",
    "Malikaarjun": "मालिकार्जुन गाउँपालिका",
    "Marma": "मार्मा गाउँपालिका",
    "Naugad": "नौगाड गाउँपालिका",
    "Shailyashikhar": "शैल्यशिखर नगरपालिका",
    "Adharsha": "आदर्श गाउँपालिका",
    "Badikedar": "बडीकेदार गाउँपालिका",
    "Bogtan": "बोगटान फुड्सिल गाउँपालिका",
    "Dipayal Silgadi": "दिपायल सिलगढी नगरपालिका",
    "Jorayal": "जोरायल गाउँपालिका",
    "K I Sin": "के.आई.सिंह गाउँपालिका",
    "Purbichauki": "पूर्वीचौकी गाउँपालिका",
    "Sayal": "सायल गाउँपालिका",
    "Shikhar": "शिखर नगरपालिका",
    "Bardagoriya": "बर्दगोरिया गाउँपालिका",
    "Bhajani": "भजनी नगरपालिका",
    "Chure": "चुरे गाउँपालिका",
    "Dhangadhi": "धनगढी उपमहानगरपालिका",
    "Gauriganga": "गौरीगंगा नगरपालिका",
    "Ghodaghodi": "घोडाघोडी नगरपालिका",
    "Janaki": "जानकी गाउँपालिका",
    "Joshipur": "जोशीपुर गाउँपालिका",
    "Kailari": "कैलारी गाउँपालिका",
    "Lamkichuha": "लम्कीचुहा नगरपालिका",
    "Mohanyal": "मोहन्याल गाउँपालिका",
    "Tikapur": "टिकापुर नगरपालिका",
    "Bedkot": "बेदकोट नगरपालिका",
    "Belauri": "बेलौरी नगरपालिका",
    "Beldandi": "बेलडाँडी गाउँपालिका",
    "Bhimdatta": "भीमदत्त नगरपालिका",
    "Krishnapur": "कृष्णपुर नगरपालिका",
    "Laljhadi": "लालझाडी गाउँपालिका",
    "Punarbas": "पुनर्वास नगरपालिका",
    "Shuklaphanta": "शुक्लाफाँटा नगरपालिका"
  }
}